<?xml version="1.0"?>
<!--

/**
 * @author Kashyap Team
 * @copyright Copyright (c) 2018 Kashyap (http://kashyapsoftware.com/)
 * @package Kashyap_Banners
*/

-->
<config xmlns:xsi="http://www.w3.org/2001/XMLSchema-instance" xsi:noNamespaceSchemaLocation="urn:magento:framework:ObjectManager/etc/config.xsd">



    <type name="Magento\Framework\View\Element\UiComponent\DataProvider\CollectionFactory">
        <arguments>
            <argument name="collections" xsi:type="array">
                <item name="banners_listing_data_source" xsi:type="string">Kashyap\Banners\Model\ResourceModel\Banners\Grid\Collection</item>                
            </argument>
        </arguments>
    </type>

    <type name="Kashyap\Banners\Model\ResourceModel\Banners\Grid\Collection">
        <arguments>
            <argument name="mainTable" xsi:type="string">ks_banners</argument>
            <argument name="eventPrefix" xsi:type="string">banners_grid_collection</argument>
            <argument name="eventObject" xsi:type="string">banners_grid_collection</argument>
            <argument name="resourceModel" xsi:type="string">Kashyap\Banners\Model\ResourceModel\Banners</argument>
        </arguments>
    </type>


    <type name="Kashyap\Banners\Controller\Adminhtml\Banners\Image\Upload">
        <arguments>
            <argument name="imageUploader" xsi:type="object">BannerImageUpload</argument>
        </arguments>
    </type>


    <virtualType name="BannerImageUpload" type="Kashyap\Banners\Model\ImageUploader">
        <arguments>
            <argument name="baseTmpPath" xsi:type="string">banners</argument>
            <argument name="basePath" xsi:type="string">banners</argument>
            <argument name="allowedExtensions" xsi:type="array">
                <item name="jpg" xsi:type="string">jpg</item>
                <item name="jpeg" xsi:type="string">jpeg</item>
                <item name="gif" xsi:type="string">gif</item>
                <item name="png" xsi:type="string">png</item>
            </argument>
        </arguments>
    </virtualType>  

    
    <virtualType name="BannersGridFilterPool" type="Magento\Framework\View\Element\UiComponent\DataProvider\FilterPool">
        <arguments>
            <argument name="appliers" xsi:type="array">
                <item name="regular" xsi:type="object">Magento\Framework\View\Element\UiComponent\DataProvider\RegularFilter</item>
                <item name="fulltext" xsi:type="object">Magento\Framework\View\Element\UiComponent\DataProvider\FulltextFilter</item>
            </argument>
        </arguments>
    </virtualType>
    
    <virtualType name="BannersGridDataProvider" type="Magento\Framework\View\Element\UiComponent\DataProvider\DataProvider">
        <arguments>
            <argument name="collection" xsi:type="object" shared="false">Kashyap\Banners\Model\ResourceModel\Banners\Collection</argument>
            <argument name="filterPool" xsi:type="object" shared="false">BannersGridFilterPool</argument>
        </arguments>
    </virtualType>
    
</config>